#Concurrent requests,Baseline(s) [median],Baseline(s) [5th Percentile],Baseline(s) [95th Percentile],Karousos(s) [median],Karousos(s) [5th Percentile],Karousos(s) [95th Percentile],Orochi-JS(s) [median],Orochi-JS(s) [5th Percentile],Orochi-JS(s) [95th Percentile]
600,0.17658964299999996,0.17554548155000002,0.18088152740000005,3.8944651925000002,3.8531028918500008,4.06137976785,3.8967684175,3.8659643694000008,3.9205261724500002
600,0.18166241200000002,0.17961266580000013,0.18564317240000006,3.914203225,3.8886094742000004,3.9558936577,3.9397031879999993,3.8972789107,4.01065905515
600,0.18125807300000019,0.1783526149000001,0.18493522574999988,3.8930879495,3.8688387411000003,3.96718810385,3.917347125,3.87463627575,3.9733634539000002
600,0.18097685200000013,0.17863026070000002,0.18484638875000006,3.9373738839999994,3.89468618885,4.06090890485,3.925423201,3.9106944113000006,3.9702471760999996
600,0.1819739055,0.17948960825000013,0.18685270790000008,3.9174473764999997,3.8701328354000006,3.9404686692,3.9406389600000002,3.90059892235,4.02889969015
