#Concurrent requests,Baseline(s) [median],Baseline(s) [5th Percentile],Baseline(s) [95th Percentile],Karousos(s) [median],Karousos(s) [5th Percentile],Karousos(s) [95th Percentile],Orochi-JS(s) [median],Orochi-JS(s) [5th Percentile],Orochi-JS(s) [95th Percentile]
600,45.07864996399998,44.20977941335003,45.94730604995,4.8901978385,4.8153394594500005,5.0421878938499995,5.663834598999999,5.5355764395,5.747121880000001
600,5.6294845435,4.48044767575,6.320892899500001,9.7310862395,9.650150302600002,10.466465712749999,14.050071506000004,13.91916875805,16.0102842619
600,3.7924430035,3.46240605685,4.202207037200001,8.709621124999998,8.486427147350001,9.72506902085,12.387065769999998,12.083093193000003,13.863952502399997
600,3.2537799370000005,2.90805107725,3.5790543058999997,7.202996161499999,6.655139064450001,7.618213942749999,9.460275163999999,9.246045137150002,10.740234289950001
600,2.1955872305,2.0305251168,2.54705263965,3.5678021905000006,3.4707104874999994,3.68779571375,4.52051939,4.39210114935,4.559004054549999
