Concurrent requests,Baseline(s) [median],Baseline(s) [5th Percentile],Baseline(s) [95th Percentile],Karousos(s) [median],Karousos(s) [5th Percentile],Karousos(s) [95th Percentile]
1,66.22066836,43.234811513000025,67.3450101419,79.32559922349995,77.63055271364999,80.22489311224999
10,8.6858647245,7.9470267228,9.3804315561,12.967829909,12.31741760035,13.712648257249999
20,6.096935236999999,5.72480681175,6.58912093285,10.602817256999998,10.0066319669,11.326516438550001
30,5.0404043650000006,4.653669958849999,5.48212491065,8.7629897385,7.83319841085,9.2758382408
60,3.162955873,2.81500583125,3.53027685035,6.177812112,5.8117416237,6.6467666555
