Type,Min,Max,Mean,Median,1 Percentile,5 Percentile,95 Percentile,99 Percentile
original,134.89630899999997,138.69223200000002,136.96793960000002,137.29563100000001,134.94822585999998,135.15589330000006,138.21749594999994,138.59728479
server,465.0627930000002,502.5693530000001,479.26082299999996,476.01360149999994,465.07668009000014,465.13222844999996,500.4049664000001,502.1364756800001
