Type,Min,Max,Mean,Median,1 Percentile,5 Percentile,95 Percentile,99 Percentile
original,135.60398299999997,139.82380600000008,137.42459100000005,137.57219350000005,135.62012162,135.6846761,139.5673600000001,139.77251680000006
server,466.05249099999986,485.0859460000004,473.69623410000014,474.27855149999994,466.1522499699999,466.5512858500001,482.92791520000026,484.6543398400004
