Type,Min,Max,Mean,Median,1 Percentile,5 Percentile,95 Percentile,99 Percentile
original,132.43889600000008,137.0612989999999,134.90961679999998,134.93088549999996,132.46763489000008,132.58259045000008,136.7944948999999,137.0079381799999
server,771.4015329999999,812.4658670000001,793.3784755,793.4716499999997,771.9932690499999,774.36021325,810.8126178499999,812.13521717
