Type,Min,Max,Mean,Median,1 Percentile,5 Percentile,95 Percentile,99 Percentile
original,138.04706000000007,144.66235600000013,140.57694770000003,140.34412550000008,138.17197946000007,138.67165730000005,143.14634920000003,144.3591546400001
server,466.901407,480.9578259999996,474.5348286000001,474.1202430000002,466.9356703600001,467.0727238000001,480.8123481999999,480.9287304399997
