Type,Min,Max,Mean,Median,1 Percentile,5 Percentile,95 Percentile,99 Percentile
original,130.62876400000002,141.65335600000012,133.0629598,132.01502400000004,130.63811185,130.67550324999996,138.31833265,140.9863513300001
server,816.3571690000005,872.4274269999992,835.7556532,834.5327195000001,816.5941119100004,817.5418835500002,862.4765418999996,870.4372499799993
