Type,Min,Max,Mean,Median,1 Percentile,5 Percentile,95 Percentile,99 Percentile
original,133.73670200000004,138.2327199999999,135.85169659999997,135.96630749999997,133.78542647000003,133.98032435,137.82558744999994,138.1512934899999
server,781.1490889999998,822.028181,800.8282649,797.1154920000004,781.7317578199998,784.0624330999999,820.7433432500002,821.77121345
