Type,Min,Max,Mean,Median,1 Percentile,5 Percentile,95 Percentile,99 Percentile
original,130.5673599999999,138.5407659999999,134.28178809999997,134.41474049999988,130.64607462999993,130.96093315000002,137.54026074999996,138.3406649499999
server,804.3662119999999,849.7743799999997,822.6254989999999,822.2382370000003,804.6181762699999,805.6260333500002,846.2608155499994,849.0716671099997
