Type,Min,Max,Mean,Median,1 Percentile,5 Percentile,95 Percentile,99 Percentile
original,136.57174399999988,142.80220700000024,140.16916500000002,140.28045849999995,136.7258139199999,137.34209359999994,142.68577175000019,142.77891995000022
server,746.3158300000005,775.0402310000002,759.312366,757.1798645000001,746.5348473400005,747.4109167000006,772.5246913999999,774.5371230800001
