Type,Min,Max,Mean,Median,1 Percentile,5 Percentile,95 Percentile,99 Percentile
original,132.00573300000008,138.91799699999996,135.07203539999998,134.81687700000003,132.0618660000001,132.2863980000001,138.29451299999997,138.79330019999995
server,473.5888639999997,515.4395269999999,489.44750129999994,488.14512449999984,473.71136587999973,474.20137339999974,508.00874495000005,513.95337059
