Type,Min,Max,Mean,Median,1 Percentile,5 Percentile,95 Percentile,99 Percentile
original,135.11658599999998,141.096936,138.0052007,138.03607099999996,135.14917203,135.27951614999998,140.88349290000005,141.05424738
server,344.0216950000002,365.68309300000004,353.66080860000005,354.04513099999997,344.3740393300002,345.7834166500002,361.7253020500001,364.89153481000005
