Type,Min,Max,Mean,Median,1 Percentile,5 Percentile,95 Percentile,99 Percentile
original,130.62024499999987,147.49791399999995,135.7393533,134.00591299999996,130.8293354299999,131.66569715000003,144.64174554999997,146.92668030999997
server,338.0591129999996,362.0516120000002,352.9354452,354.71394699999996,338.33088941999966,339.41799509999987,361.9673675000001,362.0347631000002
