Type,Min,Max,Mean,Median,1 Percentile,5 Percentile,95 Percentile,99 Percentile
original,135.00567800000016,139.8540760000001,137.11876800000002,136.736261,135.06090785000015,135.2818272500001,139.62287095000005,139.8078349900001
server,342.36180699999977,368.02927699999975,355.87672059999994,354.9151615,342.88215099999985,344.963527,366.2477935999999,367.67298031999974
