Type,Min,Max,Mean,Median,1 Percentile,5 Percentile,95 Percentile,99 Percentile
original,131.276381,136.81871299999997,133.40024680000002,133.18780550000002,131.29350053,131.36197865000003,136.72466164999997,136.79990272999999
server,480.00651099999976,513.1914910000005,491.99250190000015,492.04778850000014,480.0255794799998,480.1018534000001,507.75519670000017,512.1042321400005
