Type,Min,Max,Mean,Median,1 Percentile,5 Percentile,95 Percentile,99 Percentile
original,135.34659399999993,143.09943400000014,139.22436560000003,138.98386699999998,135.46173558999993,135.92230194999996,142.73769115000007,143.0270854300001
server,340.69886999999983,362.43015000000025,351.2223258,349.54557050000005,340.81993961999984,341.30421809999984,361.88508255,362.3211365100002
