Type,Min,Max,Mean,Median,1 Percentile,5 Percentile,95 Percentile,99 Percentile
original,139.27719999999985,149.661475,142.11270329999994,140.89937149999992,139.32724908999987,139.52744544999987,146.78277774999998,149.08573554999998
server,341.97691499999985,363.38172500000013,352.92298750000003,351.85154450000005,342.4561356599999,344.37301830000007,361.6610892500001,363.03759785000017
