Type,Min,Max,Mean,Median,1 Percentile,5 Percentile,95 Percentile,99 Percentile
original,2686.1971989999997,3551.093453,3193.8896541999998,3162.955873,2711.9589254499997,2815.00583125,3530.27685035,3546.93013247
server,5681.217843,6774.978887,6227.0264781,6177.812112,5707.32259914,5811.7416237,6646.7666555,6749.336440700001
