Type,Min,Max,Mean,Median,1 Percentile,5 Percentile,95 Percentile,99 Percentile
original,718.127564,942.1685590000001,819.4921241000001,801.5797024999999,722.2164278900001,738.5718834500001,938.40134215,941.4151156300001
server,2182.972345,2693.389038,2432.4257014,2416.5679654999994,2196.24109981,2249.31611905,2632.879167,2681.2870638
