Type,Min,Max,Mean,Median,1 Percentile,5 Percentile,95 Percentile,99 Percentile
original,393.38141800000005,743.1077009999999,546.9143482000001,469.06766000000005,396.30104635000004,407.97955975,730.5240908999999,740.5909789799998
server,1339.3280419999999,1732.7557390000002,1586.6152693000001,1601.759635,1355.34643388,1419.4200014000003,1703.9653240000002,1726.9976560000002
