Type,Min,Max,Mean,Median,1 Percentile,5 Percentile,95 Percentile,99 Percentile
original,3288.669153,4323.644996,3774.9603048,3756.5639315,3296.6447961299996,3328.54736865,4303.16378915,4319.54875463
server,12611.644168,14117.458209,13429.8870135,13542.924980999998,12616.687904350001,12636.862849750001,14059.17138345,14105.80084389
