Type,Min,Max,Mean,Median,1 Percentile,5 Percentile,95 Percentile,99 Percentile
original,4652.215381999999,5583.3461480000005,5006.6740463,5040.404365,4652.50629737,4653.66995885,5482.12491065,5563.10190053
server,7772.114783999999,9321.627953,8632.7305922,8762.9897385,7784.331509369999,7833.19841085,9275.8382408,9312.47001056
