Type,Min,Max,Mean,Median,1 Percentile,5 Percentile,95 Percentile,99 Percentile
original,2754.416865,3570.448821,3135.4201567,3100.3086779999994,2765.1306012600003,2807.9855463000004,3514.30742895,3559.2205425899997
server,10112.846092,11819.917067999999,11220.1110882,11165.67644,10187.300870620002,10485.1199851,11810.578702649998,11818.04939493
