Type,Min,Max,Mean,Median,1 Percentile,5 Percentile,95 Percentile,99 Percentile
original,26384.575814000018,67549.09052300002,62021.8030366,66220.66836000001,29754.62295380002,43234.81151300002,67345.0101419,67508.27444678002
server,77518.628877,80711.79712399996,79076.5149197,79325.59922349994,77541.01364432999,77630.55271364999,80224.89311224999,80614.41632164997
