Type,Min,Max,Mean,Median,1 Percentile,5 Percentile,95 Percentile,99 Percentile
original,7926.2388630000005,9417.933738000002,8675.8869026,8685.8647245,7930.39643496,7947.0267228,9380.4315561,9410.433301620002
server,12255.892680999998,13790.003129,12993.798732899999,12967.829909,12268.197664869998,12317.41760035,13712.648257249999,13774.53215465
