Type,Min,Max,Mean,Median,1 Percentile,5 Percentile,95 Percentile,99 Percentile
original,36746.96414899999,37498.32467099996,37061.1803585,36948.71490150002,36748.926303169996,36756.774919849995,37474.17967934998,37493.49567266997
server,50366.62578,53038.489283000024,51216.637596500004,51063.7876345,50368.99090908001,50378.45142540001,52494.83961020001,52929.75934844002
