Type,Min,Max,Mean,Median,1 Percentile,5 Percentile,95 Percentile,99 Percentile
original,1799.969517,2140.3249419999997,1971.1702667,1982.7325305,1802.6688861,1813.4663625,2111.3470408,2134.5293617599996
server,5799.344614,6880.951156,6330.3376453,6356.229300999999,5813.41973821,5869.72023505,6774.76836265,6859.714597329999
