Type,Min,Max,Mean,Median,1 Percentile,5 Percentile,95 Percentile,99 Percentile
original,5493.378239999999,6663.994888,6146.3304083,6096.935237,5539.66395435,5724.80681175,6589.12093285,6649.02009697
server,9929.533259,11443.055054,10629.7867188,10602.817256999999,9944.95300058,10006.6319669,11326.516438550001,11419.74733091
