Type,Min,Max,Mean,Median,1 Percentile,5 Percentile,95 Percentile,99 Percentile
original,855.7551039999998,1814.877909,1389.9976688000002,1467.1203855000003,865.6394355399999,905.1767616999999,1756.5185866499996,1803.20604453
server,2815.36714,5320.107193999998,4399.103844699999,4431.882243,2894.07917773,3208.92732865,5257.676429149998,5307.621041029998
