Type,Min,Max,Mean,Median,1 Percentile,5 Percentile,95 Percentile,99 Percentile
original,575.7066720000001,928.142991,847.1110915,874.485964,599.3672038200002,694.0093311000002,914.7296335499999,925.46031951
server,2270.771954,4049.5094819999995,3033.3488226,3085.2587235,2276.81173934,2300.9708806999997,3871.5688480499994,4013.9213552099995
