Type,Min,Max,Mean,Median,1 Percentile,5 Percentile,95 Percentile,99 Percentile
original,5427.588857,6402.567674000001,5935.8491822000005,5971.982724500001,5434.7439767900005,5463.364455950001,6389.590701800002,6399.97227956
server,14122.681358000002,16664.537853,15393.5669582,15145.196130999999,14166.28735799,14340.71135795,16614.8145351,16654.59318942
