Type,Min,Max,Mean,Median,1 Percentile,5 Percentile,95 Percentile,99 Percentile
original,6559.862674000002,6861.433678999995,6697.2546098,6700.780705000005,6561.189297130001,6566.495789650001,6848.432215549997,6858.833386309995
server,11311.402069999996,11970.611878999998,11594.2746907,11612.112119500005,11317.374688879996,11341.265164399996,11865.69110345,11949.627723889998
