Type,Min,Max,Mean,Median,1 Percentile,5 Percentile,95 Percentile,99 Percentile
original,6365.255636,6928.420487000001,6665.2329832000005,6655.1426555,6373.44960815,6406.22549675,6916.855605350001,6926.107510670001
server,13754.875157,14489.516911,14047.654382,14043.481314,13756.00866659,13760.542704950001,14379.23566075,14467.46066095
