Type,Min,Max,Mean,Median,1 Percentile,5 Percentile,95 Percentile,99 Percentile
original,1418.8576520000001,34993.18182599999,31098.13618760001,34353.805256500025,4327.408170290001,15961.610243450004,34932.64970519999,34981.07540183999
server,41829.56317400003,43080.46469400003,42489.398669900016,42368.88219999998,41859.67619597003,41980.12828385003,43015.83027465003,43067.53781013003
