Type,Min,Max,Mean,Median,1 Percentile,5 Percentile,95 Percentile,99 Percentile
original,5921.450072,6676.813896,6372.7390061999995,6379.7185005,5940.05410331,6014.470228550001,6627.4540152,6666.941919839999
server,17410.796527,18090.94747,17543.911194700002,17483.43515,17412.08515708,17417.2396774,17858.079966999998,18044.3739694
