Type,Min,Max,Mean,Median,1 Percentile,5 Percentile,95 Percentile,99 Percentile
original,6319.529379,6877.239785,6552.4755263,6484.6355285,6323.85587169,6341.16184245,6855.0072272,6872.793273439999
server,14649.995031,15313.087782,15019.253566200001,15005.511052499998,14655.309848070001,14676.569116350001,15274.289131649999,15305.32805193
