Type,Min,Max,Mean,Median,1 Percentile,5 Percentile,95 Percentile,99 Percentile
original,5695.832401000001,6497.855534,6055.7974217,6051.897688999999,5697.380398390001,5703.57238795,6475.106799200001,6493.30578704
server,14884.184158999999,15611.966775,15280.4428351,15266.575885,14906.257369729998,14994.55021265,15560.750859750002,15601.723591950002
