#Concurrent requests,Baseline(s) [median],Baseline(s) [5th Percentile],Baseline(s) [95th Percentile],Karousos(s) [median],Karousos(s) [5th Percentile],Karousos(s) [95th Percentile],Orochi-JS(s) [median],Orochi-JS(s) [5th Percentile],Orochi-JS(s) [95th Percentile]
600,0.17943411850000007,0.1749033805000001,0.1883777918000002,0.7858193705000001,0.7724443185500002,0.8250570709,0.7800867429999999,0.7682285844000001,0.8066237132999999
600,0.18321761000000014,0.18061784504999998,0.18854814270000012,0.7900386245000001,0.78775371195,0.80646273325,0.7890419465000001,0.7804752902500001,0.80709578315
600,0.18215818099999984,0.1800694400499999,0.18830574504999997,0.7884022805,0.7782030588,0.8039198989999999,0.7875870500000001,0.7802729108,0.8022086959
600,0.183748957,0.17997099355000007,0.1890284691500002,0.7950871024999999,0.7831437270000001,0.8320401683999998,0.7977662114999999,0.7818794452000002,0.8102210166
600,0.1838430004999999,0.18195602020000012,0.18696343024999998,0.7968398945000001,0.78771492605,0.8170223211,0.7959252795,0.7873950731500001,0.80976023695
