#Concurrent requests,Baseline(s) [median],Baseline(s) [5th Percentile],Baseline(s) [95th Percentile],Karousos(s) [median],Karousos(s) [5th Percentile],Karousos(s) [95th Percentile],Orochi-JS(s) [median],Orochi-JS(s) [5th Percentile],Orochi-JS(s) [95th Percentile]
600,0.17929498299999994,0.17801348864999994,0.1812207952,0.12672426550000002,0.11812147925,0.1336493957,0.127277581,0.12099168399999999,0.14032133955
600,0.18436888549999997,0.181522088,0.18740964389999998,0.1295887955,0.124407386,0.1330290171,0.13053631400000001,0.12076983665,0.1426489365
600,0.18559652649999997,0.18318057569999996,0.18818726354999996,0.13486458349999997,0.1279940168,0.13898983705,0.13005820550000002,0.1266896374,0.13518966194999998
600,0.1829892474999998,0.18040029795000007,0.1877311439,0.1281897795,0.12466417715,0.1380175581,0.13285247549999998,0.1259614937,0.1448287737
600,0.18669626050000007,0.18379805260000018,0.18968130164999983,0.12439510250000001,0.11928817595,0.1343084925,0.13025294150000002,0.11886199985000002,0.1381653462
