#Concurrent requests,Baseline(s) [median],Baseline(s) [5th Percentile],Baseline(s) [95th Percentile],Karousos(s) [median],Karousos(s) [5th Percentile],Karousos(s) [95th Percentile],Orochi-JS(s) [median],Orochi-JS(s) [5th Percentile],Orochi-JS(s) [95th Percentile]
600,8.706384385500009,8.495416604200003,8.773380913700002,1.5067579595,1.4578152993500002,1.5435969097500002,1.6623281065000002,1.58121393575,1.7260045986499999
600,1.755772177,1.5688875922000003,1.8473158422999998,1.5622762435,1.5377192123499999,1.6288427973499997,2.037505783,1.9732151418500008,2.1164470725499998
600,0.9150102205,0.6918290248499999,1.03391769445,1.1569165739999998,1.1134408799000002,1.18551133815,1.3649709325,1.2988335972,1.3778349927
600,0.7188689004999999,0.6856916838500001,0.9228844892,0.9625828615,0.91280111195,0.9918105618499999,1.156684263,1.1166028059500002,1.2191763095500001
600,0.5818077089999999,0.5171246339500001,0.8361098591499999,0.6090178580000001,0.56537459945,0.6306219042,0.8245944295000002,0.8019361457500002,0.8544976159999998
