#Concurrent requests,Baseline(s) [median],Baseline(s) [5th Percentile],Baseline(s) [95th Percentile],Karousos(s) [median],Karousos(s) [5th Percentile],Karousos(s) [95th Percentile],Orochi-JS(s) [median],Orochi-JS(s) [5th Percentile],Orochi-JS(s) [95th Percentile]
600,82.86245586650008,81.9672350184,83.83896648849993,4.910306897500001,4.561907928250001,5.030621375700001,5.5684283555,5.420281696100001,5.918131477999999
600,9.544527967499999,8.94516539085,10.334805580700001,4.9455517845,4.8694240427,5.33198885835,5.158381659999999,5.01402894305,5.380460491199999
600,6.695486096999999,6.0988535896,6.952547378,4.433791597500001,4.261122745750001,4.5198528568,4.386449989500001,4.3194854869500015,4.5189119493000005
600,5.3610303,4.9770550380500005,5.69858184485,3.382729004,3.3152306156500004,3.505980739549999,4.0407321135,3.8614986679500003,4.1073979222
600,3.41235178,3.2704903290000003,3.6746444756,2.590442497,2.5630014185,2.69407433005,2.698187784,2.6605915447999995,2.80983493655
