#Concurrent requests,Baseline(s) [median],Baseline(s) [5th Percentile],Baseline(s) [95th Percentile],Karousos(s) [median],Karousos(s) [5th Percentile],Karousos(s) [95th Percentile],Orochi-JS(s) [median],Orochi-JS(s) [5th Percentile],Orochi-JS(s) [95th Percentile]
600,34.565440113499996,34.16770391244999,35.285554358699976,2.0788224255,2.0259217993500003,2.1471597351000002,2.5663888225,2.5080017806,2.63390318295
600,6.6327661220000005,6.246864232199999,6.82997093045,2.7273009729999997,2.7135190712000004,2.7431974472500005,3.7802181179999996,3.7252844404500003,3.8605606727499997
600,6.5228512814999995,6.2907022199,6.751467335050001,2.99391388,2.95580085595,3.0669842271500003,4.28064646,4.224178337400001,4.3794670026
600,5.933747692,5.6953137511000005,6.3405157258,3.095651785,3.0188444056500003,3.1802280333999997,4.44557419,4.373619086050001,4.5149987819
600,6.4808186215,6.049031703600001,6.83169695485,3.5250412655,3.4594854636500005,3.5503059856,5.3067919205,5.23197692165,5.3679192166
