#Concurrent requests,Karousos Advice size (KB),Orochi-JS Advice size (KB)
1,15.175406455993652,15.206876754760742
10,15.169026374816895,15.200496673583984
20,15.165566444396973,15.197037696838379
30,15.162063598632812,15.193535804748535
60,15.171019554138184,15.202495574951172
