#Concurrent requests,Karousos Advice size (KB),Orochi-JS Advice size (KB)
1,4.946841239929199,4.965631484985352
10,4.945197105407715,4.963990211486816
20,4.943263053894043,4.962058067321777
30,4.940829277038574,4.959636688232422
60,4.94412899017334,4.962954521179199
