#Concurrent requests,Karousos Advice size (KB),Orochi-JS Advice size (KB)
1,13.516277313232422,14.377634048461914
10,10.492789268493652,10.676932334899902
20,8.6139554977417,8.749492645263672
30,7.316235542297363,7.435393333435059
60,4.718992233276367,4.789061546325684
