#Concurrent requests,Karousos Advice size (KB),Orochi-JS Advice size (KB)
1,7.954100608825684,8.136147499084473
10,5.107952117919922,5.210589408874512
20,3.18967342376709,3.2488231658935547
30,2.243671417236328,2.280853271484375
60,1.3768577575683594,1.3948955535888672
