Type,Min,Max,Mean,Median,1 Percentile,5 Percentile,95 Percentile,99 Percentile
server-2,268.06750599999987,280.9017520000001,274.97791970000003,275.5043774999998,268.1456657799999,268.4583049,280.3373872000001,280.7888790400001
verifier,639.728656,672.378529,650.571695,646.2201705,639.92376007,640.70417635,666.41802295,671.18642779
server-0-KMODE2,603.2425799999994,603.2425799999994,603.2425799999994,603.2425799999994,603.2425799999994,603.2425799999994,603.2425799999994,603.2425799999994
original,133.24807600000005,139.52731899999995,136.83381979999996,137.38201999999993,133.37725876000005,133.8939898,139.12767714999995,139.44739062999994
verifier-KMODE2,637.886309,668.298004,649.4145392,648.5561909999999,638.07136097,638.81156885,664.14689125,667.4677814500001
server-0,470.0682400000004,490.5616310000001,478.19791179999993,477.3150109999998,470.14007656000035,470.4274228000003,488.76495965000004,490.20229673000006
