Type,Min,Max,Mean,Median,1 Percentile,5 Percentile,95 Percentile,99 Percentile
server-2,261.06179200000014,282.9603040000002,267.74262860000005,267.30133449999994,261.31713928000016,262.3385284000001,276.48200185000013,281.6646435700002
verifier,3518.926044,3649.730783,3573.397473,3586.147316,3520.3241797799997,3525.9167229000004,3624.4449473,3644.6736158599997
server-0-KMODE2,930.5131549999998,930.5131549999998,930.5131549999998,930.5131549999998,930.5131549999998,930.5131549999998,930.5131549999998,930.5131549999998
original,132.92025400000023,140.21659400000007,136.0995484,136.20808350000001,132.9355765900002,132.99686695000008,139.63014860000007,140.09930492000007
verifier-KMODE2,3534.458552,3627.058849,3593.1215731,3588.0512255000003,3537.97296911,3552.0306375500004,3624.6588082,3626.5788408400003
server-0,778.1600789999998,819.4252210000002,792.8973599000001,790.6685480000006,778.2878864699999,778.79911635,812.60973475,818.0621237500002
