Type,Min,Max,Mean,Median,1 Percentile,5 Percentile,95 Percentile,99 Percentile
server-2,254.3026440000001,267.4795580000002,260.4916702,259.9028514999999,254.55394110000012,255.5591295000001,266.0552441000001,267.1946952200002
verifier,3499.6507199999996,3587.674856,3540.7769048,3533.6749195,3501.4307938199995,3508.5510891000004,3585.10392545,3587.1606698900005
server-0-KMODE2,939.9967169999999,939.9967169999999,939.9967169999999,939.9967169999999,939.9967169999999,939.9967169999999,939.9967169999999,939.9967169999999
original,130.75824,139.4855100000001,133.65722570000003,132.33175350000002,130.80974844000002,131.01578220000002,139.06086075000005,139.40058015000008
verifier-KMODE2,3517.692443,3558.321342,3536.6955803,3534.435295,3517.79527178,3518.2065869,3556.5852771,3557.97412902
server-0,811.717329,840.0536580000003,822.3583861999999,821.689528,811.79145876,812.0879777999999,835.6209082500002,839.1671080500003
