Type,Min,Max,Mean,Median,1 Percentile,5 Percentile,95 Percentile,99 Percentile
server-2,283.9167479999999,304.12198099999995,292.2315633,290.12927749999983,284.05169192999995,284.5914676499999,303.2446367,303.94651214
verifier,63.41433,71.776622,67.215789,67.099068,63.52162476,63.9508038,71.0362676,71.62855112000001
server-0-KMODE2,433.2931539999996,433.2931539999996,433.2931539999996,433.2931539999996,433.2931539999996,433.2931539999996,433.2931539999996,433.2931539999996
original,139.8934649999999,143.92217200000005,141.68662279999998,141.64417399999996,139.89757187999993,139.91399939999997,143.5022536,143.83818832000006
verifier-KMODE2,62.704089,73.64052400000001,68.871955,70.00813450000001,62.91996435000001,63.78346575,72.64705990000002,73.44183118000001
server-0,348.5673960000001,369.59168200000005,356.5730152000001,356.7314319999999,348.81306162000016,349.79572410000026,366.15208900000005,368.90376340000006
