Type,Min,Max,Mean,Median,1 Percentile,5 Percentile,95 Percentile,99 Percentile
server-2,261.66672900000015,274.8100509999998,267.2476066,265.7065615,261.7528355100002,262.09726155000016,274.65766929999984,274.7795746599998
verifier,3530.7011789999997,3743.081352,3587.5277342,3559.202568,3531.5485927199998,3534.9382476,3718.91010465,3738.24710253
server-0-KMODE2,933.6257789999999,933.6257789999999,933.6257789999999,933.6257789999999,933.6257789999999,933.6257789999999,933.6257789999999,933.6257789999999
original,132.80478300000001,138.13734200000002,135.23570020000003,135.0705375,132.87983904000004,133.18006320000003,137.85333665000002,138.08054093
verifier-KMODE2,3548.3020619999998,3688.9224069999996,3576.7775300999997,3560.7090515,3548.3146709099997,3548.36510655,3644.146156,3679.9671567999994
server-0,801.0563629999999,833.6125790000001,817.2658092999999,815.3812600000003,801.28496624,802.1993792000001,832.9515118999998,833.4803655800001
