Type,Min,Max,Mean,Median,1 Percentile,5 Percentile,95 Percentile,99 Percentile
server-2,280.8510179999999,296.3469479999999,289.00831009999996,289.71422900000005,281.15556287999993,282.3737423999999,295.93604309999995,296.2647670199999
verifier,71.690481,86.448759,79.35796309999999,79.21151599999999,71.82214047000001,72.34877835,86.39280374999998,86.43756794999999
server-0-KMODE2,446.4772209999998,446.4772209999998,446.4772209999998,446.4772209999998,446.4772209999998,446.4772209999998,446.4772209999998,446.4772209999998
original,135.09040899999997,141.09642399999996,138.1078106,137.206882,135.18272127999998,135.55197040000002,141.04592049999997,141.08632329999995
verifier-KMODE2,67.152728,78.810404,69.8420376,67.714703,67.17476423,67.26290915,78.3758948,78.72350216
server-0,342.22922099999954,356.4117419999998,348.17428139999987,348.3693340000002,342.2983720499996,342.57497624999974,354.70099679999987,356.0695929599998
