Type,Min,Max,Mean,Median,1 Percentile,5 Percentile,95 Percentile,99 Percentile
server-2,261.2817580000001,276.85188300000004,269.6690698,268.5892735,261.7935941200001,263.8409386000001,276.6250546499999,276.80651733
verifier,3541.889889,3638.8027389999997,3571.4108027,3569.428308,3542.02254648,3542.5531764,3616.2997366,3634.30213852
server-0-KMODE2,939.1650579999997,939.1650579999997,939.1650579999997,939.1650579999997,939.1650579999997,939.1650579999997,939.1650579999997,939.1650579999997
original,135.13441100000003,139.0848719999998,136.34618949999995,135.86833649999994,135.16746944000002,135.29970319999995,138.24651614999988,138.9172008299998
verifier-KMODE2,3528.1828179999998,3744.10001,3601.8303,3578.7082419999997,3531.49971301,3544.7672930500003,3709.3781940500003,3737.15564681
server-0,768.8627129999995,795.6148939999997,782.8929609999998,783.4660479999999,769.0569114899996,769.8337054499998,794.8559631499999,795.4631078299997
