Type,Min,Max,Mean,Median,1 Percentile,5 Percentile,95 Percentile,99 Percentile
server-2,278.1118249999998,297.84070399999985,288.6787112,288.2134814999999,278.6283721699998,280.6945608499999,296.46077809999986,297.5647188199999
verifier,67.565392,78.340395,72.92920240000001,73.2034825,67.61745943000001,67.82572915,77.66504714999999,78.20532542999999
server-0-KMODE2,449.4571909999999,449.4571909999999,449.4571909999999,449.4571909999999,449.4571909999999,449.4571909999999,449.4571909999999,449.4571909999999
original,133.83042599999996,140.59287399999997,137.78220000000002,138.13140050000004,133.99513220999995,134.65395704999997,140.24486200000004,140.5232716
verifier-KMODE2,66.806967,77.183668,71.5501357,69.80243250000001,66.91960110000001,67.37013750000001,77.03719075000001,77.15437254999999
server-0,342.25447599999995,368.0223229999999,351.8846931,349.8796430000001,342.51432651999994,343.55372860000006,365.36830714999996,367.4915198299999
