Type,Min,Max,Mean,Median,1 Percentile,5 Percentile,95 Percentile,99 Percentile
server-2,272.2556089999998,303.1387550000001,282.9442109,280.5498124999998,272.37883861999984,272.87175709999985,299.62554739999996,302.4361134800001
verifier,61.764857,72.20178899999999,65.9751912,64.7285435,61.778621869999995,61.833681350000006,71.84425590000001,72.13028238
server-0-KMODE2,441.761475,441.761475,441.761475,441.761475,441.761475,441.761475,441.761475,441.761475
original,131.24318299999993,138.18922099999995,134.3571111,133.76768299999998,131.31016126999995,131.57807434999998,137.69386864999998,138.09015052999996
verifier-KMODE2,60.510113000000004,73.140871,68.9938802,69.6310235,60.93414683,62.63028215,72.89154085,73.09100497000001
server-0,335.48030299999994,357.57150800000005,347.48319579999986,348.89971449999973,335.74962718999996,336.8269239499998,357.14458715000006,357.48612383000005
