Type,Min,Max,Mean,Median,1 Percentile,5 Percentile,95 Percentile,99 Percentile
server-2,264.4969610000002,276.54522,270.2986851,270.08471799999995,264.49761926000025,264.50025230000017,276.0015943499999,276.43649486999993
verifier,3524.945962,3646.0555119999995,3581.6017763,3576.866202,3527.15755711,3536.00393755,3638.9163515499995,3644.627679909999
server-0-KMODE2,936.832433000001,936.832433000001,936.832433000001,936.832433000001,936.832433000001,936.832433000001,936.832433000001,936.832433000001
original,136.74475799999996,142.7054630000001,139.5725026,139.0781540000001,136.84523588999997,137.24714744999994,142.12736060000003,142.58984252000008
verifier-KMODE2,3553.0948359999998,3710.034884,3591.1510280999996,3572.989944,3553.5865762000003,3555.553537,3671.2897449499997,3702.2858561900002
server-0,735.333394,787.3505889999998,753.845469,750.905927,735.73651156,737.3489818000003,777.9378080500001,785.4680328099998
