Type,Min,Max,Mean,Median,1 Percentile,5 Percentile,95 Percentile,99 Percentile
server-2,269.8985030000002,278.4111650000002,274.10963050000015,274.08447000000035,269.9832965900002,270.32247095000014,277.9414374500002,278.3172194900002
verifier,637.395935,685.8066010000001,654.0527757,649.769847,637.75179311,639.17522555,678.5092759,684.3471359800001
server-0-KMODE2,593.4576120000003,593.4576120000003,593.4576120000003,593.4576120000003,593.4576120000003,593.4576120000003,593.4576120000003,593.4576120000003
original,135.232287,139.54306499999998,137.07883120000002,136.34403100000003,135.28752054,135.5084547,139.53046859999995,139.54054571999998
verifier-KMODE2,640.3104030000001,698.307579,661.396407,659.2215865000001,640.5416762700002,641.46676935,687.93491835,696.23304687
server-0,464.0517030000002,481.60172600000044,471.75458600000013,470.3921419999999,464.20109985000016,464.79868725000006,480.2737796000004,481.3361367200004
