Type,Min,Max,Mean,Median,1 Percentile,5 Percentile,95 Percentile,99 Percentile
server-2,268.949158,286.81550700000025,276.4242967,274.90454149999977,269.21203927,270.26356435,286.4713708500002,286.74667977000024
verifier,629.9221859999999,653.831819,639.3168992,639.128157,629.9869950899999,630.24623145,650.13640415,653.09273603
server-0-KMODE2,597.0555069999998,597.0555069999998,597.0555069999998,597.0555069999998,597.0555069999998,597.0555069999998,597.0555069999998,597.0555069999998
original,130.96085099999982,139.54273099999997,133.64850909999998,132.70705700000002,131.02720106999985,131.29260134999993,138.67645535,139.36947586999997
verifier-KMODE2,631.235662,677.270385,648.5424781,646.0876635,631.46320504,632.3733772,671.17741155,676.0517903100001
server-0,473.43732700000027,504.853223,484.97677330000005,482.09885349999996,473.5636727800003,474.0690559000001,500.8965016999999,504.06187874
