Type,Min,Max,Mean,Median,1 Percentile,5 Percentile,95 Percentile,99 Percentile
server-2,267.6381989999998,283.2047649999998,276.55248959999994,277.0449229999999,268.04451074999986,269.6697577499999,282.6257495499999,283.0889619099998
verifier,646.851473,663.9683440000001,655.478007,653.3057059999999,647.2632779,648.9104975,663.9570076000001,663.9660767200002
server-0-KMODE2,574.5422270000001,574.5422270000001,574.5422270000001,574.5422270000001,574.5422270000001,574.5422270000001,574.5422270000001,574.5422270000001
original,138.05271600000006,144.97566000000003,141.23661280000005,141.6478285000001,138.12002979000005,138.38928495000002,143.99593845000007,144.77971569000005
verifier-KMODE2,646.250157,662.926142,656.4697369,656.1562895,646.4480698799999,647.2397214,662.6918945,662.8792925000001
server-0,459.78314400000085,481.8030149999997,470.42720370000006,468.85574699999995,460.26060741000083,462.17046105000065,480.9314095499999,481.6286939099997
