Type,Min,Max,Mean,Median,1 Percentile,5 Percentile,95 Percentile,99 Percentile
server-2,267.396212,290.179406,275.89099930000003,275.80111450000004,267.47160374,267.77317070000004,285.68062775,289.27965035
verifier,636.167655,659.322407,644.6528005,643.8169640000001,636.21508959,636.40482795,654.61057805,658.38004121
server-0-KMODE2,578.2062599999999,578.2062599999999,578.2062599999999,578.2062599999999,578.2062599999999,578.2062599999999,578.2062599999999,578.2062599999999
original,133.27518100000006,137.63666499999997,136.0633282,136.61600550000003,133.27592710000008,133.2789115000001,137.57924319999995,137.62518063999997
verifier-KMODE2,633.5227120000001,658.648696,646.9263185,645.888087,634.0567631800001,636.1929679000001,657.978583,658.5146734
server-0,468.7473390000001,497.94478299999935,478.83035359999985,474.43484049999995,468.97648908000014,469.8930894,494.2699097499995,497.2098083499994
