Type,Min,Max,Mean,Median,1 Percentile,5 Percentile,95 Percentile,99 Percentile
original,35919.15206399996,36041.46024599999,35973.565808499996,35965.800589000006,35919.72356318996,35922.00955994998,36037.484621549986,36040.66512110999
server-0,80025.33334200001,82758.90438899994,81438.6771503,81343.32908449999,80092.65121503001,80361.92270715002,82544.51464919999,82716.02644103995
server-2,78078.28381500009,79726.85900699999,79022.27489990002,79084.82979750002,78098.90230047009,78181.37624235003,79711.86235649997,79723.85967689999
