Type,Min,Max,Mean,Median,1 Percentile,5 Percentile,95 Percentile,99 Percentile
original,3371.878244,4295.485919,3774.6697845999997,3744.3724755000003,3376.85293154,3396.7516817,4227.6722258,4281.92318036
server-0,13432.961178,14819.438751000002,14023.6230265,13929.231655,13453.60960278,13536.203301900001,14696.25205245,14794.801411290002
server-2,10935.473592,11695.336793999999,11263.6202979,11290.6646335,10936.11591156,10938.685189800002,11574.716514749998,11671.21273815
