Type,Min,Max,Mean,Median,1 Percentile,5 Percentile,95 Percentile,99 Percentile
original,5215.381698,5888.558021000001,5490.6557471,5400.051735499999,5221.062818130001,5243.787298650001,5827.70313635,5876.387044070001
server-0,7888.7512719999995,9137.450701999998,8466.3254534,8307.0422865,7918.404613119999,8037.0179776,9064.274858299998,9122.815533259998
server-2,7002.901139,8411.925885,7854.3322272,7973.310832499999,7031.34283019,7145.10959495,8274.9416721,8384.529042420001
