Type,Min,Max,Mean,Median,1 Percentile,5 Percentile,95 Percentile,99 Percentile
original,3018.9358660000003,3474.131944,3212.8764944,3174.623069,3021.1869623800003,3030.1913479000004,3443.12168575,3467.92989235
server-0,10813.974343,11996.369879,11279.6674934,11112.2137435,10823.1923257,10860.064256500002,11948.90658395,11986.87721999
server-2,8521.35973,9943.334219,9322.7582004,9445.281526499999,8536.32353338,8596.1787469,9934.27624955,9941.522625110001
