Type,Min,Max,Mean,Median,1 Percentile,5 Percentile,95 Percentile,99 Percentile
original,8694.058604,9877.627682,9412.6711621,9683.7395665,8702.38715198,8735.7013439,9847.558772,9871.6139
server-0,13351.120597000001,14868.082664999998,13909.9262063,13840.301123500001,13355.32752577,13372.155240850001,14685.997153049999,14831.665562609998
server-2,12350.010464,13457.276490999999,12945.173469,12784.6531935,12385.79480816,12528.9321848,13442.943925749998,13454.409977949997
