Type,Min,Max,Mean,Median,1 Percentile,5 Percentile,95 Percentile,99 Percentile
original,3037.929676,3681.841634,3282.7340001000002,3233.535926,3038.96221126,3043.0923523,3589.7558133499997,3663.42446987
server-0,5520.463847000001,6677.7672680000005,6087.9029921,6076.071341500001,5524.67505986,5541.519911300001,6666.6993902,6675.55369244
server-2,5172.754586,6059.109472,5680.755451,5696.594983,5197.35527042,5295.7580081,6058.422218950001,6058.97202139
