Type,Min,Max,Mean,Median,1 Percentile,5 Percentile,95 Percentile,99 Percentile
original,675.6785910000001,1079.929164,868.6528208,896.364961,676.62675891,680.4194305500001,1032.1291262999998,1070.3691564599999
server-0,2315.558538,2789.8160760000005,2532.7256477,2444.2761515,2317.5202686300004,2325.36719115,2781.4628430000002,2788.1454294000005
server-2,1638.0083189999998,2552.0795579999995,2087.1347852,2062.1775035,1653.9173189399999,1717.5533187,2470.63981575,2535.7916095499995
