Type,Min,Max,Mean,Median,1 Percentile,5 Percentile,95 Percentile,99 Percentile
original,5937.130897,7206.958984,6442.4579788,6351.8987925,5938.740822129999,5945.18052265,7104.167577849999,7186.400702769999
server-0,9747.866270000002,11431.831462999999,10660.993088700001,10549.197798,9806.558951270003,10041.329676350002,11328.963407449999,11411.257851889999
server-2,9303.056837000002,10565.379636999996,9706.3887242,9623.1296385,9304.230810140003,9308.926702700002,10350.145833549997,10522.332876309998
