Type,Min,Max,Mean,Median,1 Percentile,5 Percentile,95 Percentile,99 Percentile
original,669.3031329999998,976.462785,850.9979565,895.5120880000001,670.4660389299999,675.1176626499999,964.1839446,974.0070169200001
server-0,1928.2892689999996,4071.7090179999996,3214.5633826999997,3213.36976,1997.3163672199996,2273.4247600999997,4037.2259927499995,4064.8124129499997
server-2,1361.5538370000002,2913.2114669999996,2268.7638275,2358.4732730000005,1399.4716298100002,1551.1428010500001,2853.8679195,2901.3427574999996
