Type,Min,Max,Mean,Median,1 Percentile,5 Percentile,95 Percentile,99 Percentile
original,2089.440861,2322.534047,2203.1477885,2185.0844955000002,2090.71900662,2095.8315891,2320.30887305,2322.0890122100004
server-0,6079.552771,6626.7920269999995,6375.6477441,6462.804389,6081.73394098,6090.458620900001,6591.661772149999,6619.765976029999
server-2,5283.811168,5683.43483,5440.8815509,5437.0199925,5284.08519199,5285.18128795,5650.85677805,5676.91921961
