Type,Min,Max,Mean,Median,1 Percentile,5 Percentile,95 Percentile,99 Percentile
original,1018.542471,1774.4216240000003,1521.8058731,1669.4017494999998,1025.62945251,1053.97737855,1768.8413508500003,1773.3055693700003
server-0,3179.5840139999996,5680.500259999998,4672.4356368,4656.374551499999,3249.6659379599996,3529.9936338,5680.4234756000005,5680.484903119998
server-2,2868.1221549999996,4617.557938,3799.103782,3675.7313554999996,2913.0378866499996,3092.7008132499996,4496.02698205,4593.2517468099995
