Type,Min,Max,Mean,Median,1 Percentile,5 Percentile,95 Percentile,99 Percentile
original,512.447736,822.222571,617.2354178,585.9745430000002,513.3347247,516.8826795,806.83088125,819.14423305
server-0,1516.2987760000003,2091.052724,1708.1890576,1685.6796504999998,1518.6828076900003,1528.2189344500002,1963.8855049999997,2065.6192802
server-2,1214.9506829999998,1694.2942870000002,1479.0987754,1488.0566394999998,1221.90590505,1249.72679325,1675.71887785,1690.57920517
