Type,Min,Max,Mean,Median,1 Percentile,5 Percentile,95 Percentile,99 Percentile
original,4925.582058,6490.248103000001,5892.6428215,5957.1506275,4966.6430472600005,5130.8870043,6437.129136400001,6479.624309680001
server-0,14924.434411999999,16858.877651,15996.826680299999,16055.5520315,14975.054596909999,15177.535336550001,16654.222485349997,16817.94661787
server-2,12917.668785999998,13965.543568,13555.127413900002,13720.733780500002,12939.795228759998,13028.300999800002,13932.6881365,13958.972481699999
