Type,Min,Max,Mean,Median,1 Percentile,5 Percentile,95 Percentile,99 Percentile
original,8197.036665000003,8806.839578000003,8441.394091200002,8453.439332500006,8202.280365060004,8223.255165300001,8688.467054600002,8783.165073320002
server-0,11451.136653999993,11913.421492999993,11675.172542000004,11642.175185000006,11452.366537389993,11457.286070950002,11902.3888583,11911.214966059995
server-2,10302.279665999995,11074.018608999999,10764.345835199998,10822.523958999991,10330.511957969995,10443.441125849997,11008.8522352,11060.985334239998
