Type,Min,Max,Mean,Median,1 Percentile,5 Percentile,95 Percentile,99 Percentile
original,35696.47574200002,35835.080495,35774.19190400001,35788.3068395,35698.30062520002,35705.600158000016,35822.07753710001,35832.479903420004
server-0,50027.09085800004,53196.734988999975,51895.454554500015,51928.867329000015,50088.03252722004,50331.79920410003,53154.23896089999,53188.235783379976
server-2,48240.39702800003,49815.78632400002,48991.997463600004,48790.75598700002,48275.01367085003,48413.48024225002,49747.87587585,49802.204234370016
