Concurrent requests,Baseline(s) [median],Baseline(s) [5th Percentile],Baseline(s) [95th Percentile],Karousos(s) [median],Karousos(s) [5th Percentile],Karousos(s) [95th Percentile]
1,0.13400591299999998,0.13166569715000004,0.14464174554999998,0.354713947,0.33941799509999987,0.3619673675000001
10,0.13673626100000003,0.1352818272500001,0.13962287095000006,0.3549151615,0.344963527,0.3662477935999999
20,0.13803607099999995,0.13527951614999997,0.14088349290000005,0.35404513099999996,0.34578341665000023,0.3617253020500001
30,0.13898386699999998,0.13592230194999996,0.14273769115000007,0.34954557050000007,0.34130421809999983,0.36188508255
60,0.14089937149999993,0.13952744544999987,0.14678277774999998,0.35185154450000006,0.34437301830000006,0.36166108925000007
