Concurrent requests,Baseline(s) [median],Baseline(s) [5th Percentile],Baseline(s) [95th Percentile],Karousos(s) [median],Karousos(s) [5th Percentile],Karousos(s) [95th Percentile]
1,6.700780705000005,6.566495789650001,6.848432215549996,11.612112119500004,11.341265164399996,11.86569110345
10,1.4671203855000003,0.9051767616999999,1.7565185866499997,4.431882243,3.20892732865,5.257676429149997
20,0.874485964,0.6940093311000002,0.9147296335499999,3.0852587235,2.3009708806999996,3.8715688480499995
30,0.8015797025,0.7385718834500001,0.93840134215,2.4165679654999996,2.24931611905,2.632879167
60,0.46906766000000005,0.40797955975,0.7305240908999999,1.6017596349999998,1.4194200014000002,1.7039653240000003
