Concurrent requests,Baseline(s) [median],Baseline(s) [5th Percentile],Baseline(s) [95th Percentile],Karousos(s) [median],Karousos(s) [5th Percentile],Karousos(s) [95th Percentile]
1,36.94871490150002,36.756774919849995,37.47417967934998,51.063787634499995,50.37845142540001,52.49483961020001
10,5.971982724500001,5.463364455950001,6.389590701800001,15.145196130999999,14.340711357950001,16.6148145351
20,3.7565639314999997,3.32854736865,4.30316378915,13.542924980999999,12.63686284975,14.05917138345
30,3.1003086779999993,2.8079855463000003,3.51430742895,11.165676439999999,10.4851199851,11.810578702649998
60,1.9827325304999999,1.8134663625,2.1113470407999997,6.356229300999999,5.86972023505,6.774768362650001
