Concurrent requests,Baseline(s) [median],Baseline(s) [5th Percentile],Baseline(s) [95th Percentile],Karousos(s) [median],Karousos(s) [5th Percentile],Karousos(s) [95th Percentile]
1,34.353805256500024,15.961610243450004,34.93264970519999,42.36888219999998,41.98012828385003,43.01583027465003
10,6.6551426555,6.40622549675,6.91685560535,14.043481314000001,13.760542704950002,14.37923566075
20,6.4846355285,6.34116184245,6.8550072272,15.005511052499998,14.676569116350002,15.274289131649999
30,6.051897689,5.70357238795,6.475106799200001,15.266575885,14.99455021265,15.560750859750001
60,6.3797185005,6.0144702285500005,6.6274540152,17.483435150000002,17.4172396774,17.858079967
