#Concurrent requests,Karousos Advice size (KB),Orochi-JS Advice size (KB)
1,0.5635490417480469,0.5665874481201172
10,0.5635719299316406,0.5666160583496094
20,0.5634841918945312,0.5665464401245117
30,0.5635147094726562,0.5665693283081055
60,0.5636472702026367,0.5667438507080078
