#Concurrent requests,Karousos Advice size (KB),Orochi-JS Advice size (KB)
1,22.170722007751465,22.856614112854004
10,18.649351119995117,19.0447359085083
20,15.8335542678833,16.169227600097656
30,12.37195873260498,12.63074779510498
60,6.019839286804199,6.135244369506836
