#Concurrent requests,Karousos Advice size (KB),Orochi-JS Advice size (KB)
1,24.385562896728516,49.795928955078125
10,84.59443759918213,162.978289604187
20,104.72740173339844,202.10566425323486
30,113.76608943939209,220.3426055908203
60,146.10540390014648,284.6277275085449
