Type,Min,Max,Mean,Median,1 Percentile,5 Percentile,95 Percentile,99 Percentile,Process,Process 5,Process 95
Original,182.79127799999992,188.80784999999986,185.56416129999994,185.59652649999998,182.86913753999994,183.18057569999996,188.18726354999995,188.68373270999987,0.0,0.0,0.0
Verifier,124.04618299999998,140.68222,134.3601163,134.86458349999998,124.83574975999998,127.9940168,138.98983705,140.34374341,64.3875175,57.27178955000001,67.77772645
Orochi-JS,126.52637200000001,135.550305,130.3365722,130.0582055,126.55902508000001,126.68963740000001,135.18966195,135.47817639000002,58.7105315,56.86768740000001,61.0426833
