Type,Min,Max,Mean,Median,1 Percentile,5 Percentile,95 Percentile,99 Percentile,Process,Process 5,Process 95
Original,177.70316800000018,185.79548600000027,181.42919910000003,180.97685200000012,177.88858654000012,178.6302607,184.84638875000007,185.60566655000022,0.0,0.0,0.0
Verifier,3884.626514,4117.450112,3954.726429,3937.3738839999996,3886.6384489700004,3894.6861888500002,4060.90890485,4106.14187057,349.45203100000003,339.5195334,369.09469525
Orochi-JS,3910.3822130000003,3973.032884,3933.578767,3925.423201,3910.4446526600004,3910.6944113000004,3970.2471760999997,3972.4757424199997,359.219678,351.9172023,372.85982089999993
