Type,Min,Max,Mean,Median,1 Percentile,5 Percentile,95 Percentile,99 Percentile,Process,Process 5,Process 95
Original,181.80403900000007,187.41917000000012,184.33301730000005,183.8430004999999,181.8344352400001,181.95602020000013,186.96343025,187.3280220500001,0.0,0.0,0.0
Verifier,783.018425,817.467696,801.3970446999999,796.8398945000001,783.9577252099999,787.71492605,817.0223211,817.37862102,141.6104865,139.30385915,152.60864275
Orochi-JS,787.3115680000001,811.144027,797.4042503,795.9252795,787.3282690300001,787.3950731500001,809.76023695,810.8672689900001,143.8349375,139.62265865,145.48295689999998
