Type,Min,Max,Mean,Median,1 Percentile,5 Percentile,95 Percentile,99 Percentile,Process,Process 5,Process 95
Original,178.61338400000014,187.37087300000007,182.75367310000007,181.9739055,178.78862885000015,179.48960825000012,186.85270790000007,187.26723998000006,0.0,0.0,0.0
Verifier,3854.509811,3950.135058,3912.4163688,3917.4473765,3857.63441588,3870.1328354000007,3940.4686692,3948.20178024,353.485366,346.1880648,364.45844805
Orochi-JS,3886.020091,4039.6209369999997,3950.3980206,3940.63896,3888.93585727,3900.59892235,4028.8996901500004,4037.47668763,354.791459,342.06614705,379.4356149
