Type,Min,Max,Mean,Median,1 Percentile,5 Percentile,95 Percentile,99 Percentile,Process,Process 5,Process 95
Original,180.06165,190.27268400000017,183.98016730000003,183.21761000000015,180.17288901,180.61784504999997,188.5481427000001,189.92777574000016,0.0,0.0,0.0
Verifier,786.9402869999999,813.430126,792.9486499,790.0386245000001,787.1029719899999,787.75371195,806.4627332499999,812.0366474499999,146.555257,137.8731011,161.14045069999997
Orochi-JS,780.3839560000001,810.4782050000001,792.2882846,789.0419465000001,780.40222285,780.4752902500001,807.09578315,809.8017206300001,145.17835100000002,136.82098115,151.75417895
