Type,Min,Max,Mean,Median,1 Percentile,5 Percentile,95 Percentile,99 Percentile,Process,Process 5,Process 95
Original,183.76296700000023,189.73806599999978,186.49112170000004,186.69626050000008,183.7699841200002,183.79805260000018,189.68130164999982,189.72671312999978,0.0,0.0,0.0
Verifier,118.457993,134.939541,125.7367644,124.39510250000001,118.62402959,119.28817595000001,134.3084925,134.8133313,58.122350499999996,51.8155337,61.94479335
Orochi-JS,116.819993,138.870867,128.98398219999999,130.25294150000002,117.22839436999999,118.86199985000002,138.16534620000002,138.72976284,60.0733095,54.5472405,65.11350395
