Type,Min,Max,Mean,Median,1 Percentile,5 Percentile,95 Percentile,99 Percentile,Process,Process 5,Process 95
Original,177.26083799999975,181.66173399999997,179.54339720000002,179.29498299999995,177.4113681299998,178.01348864999994,181.2207952,181.57354623999998,0.0,0.0,0.0
Verifier,117.95062999999999,135.47822000000002,125.62758290000001,126.72426550000002,117.98479984999999,118.12147925,133.6493957,135.11245514,57.10826,54.599051450000005,63.4525041
Orochi-JS,120.98836299999999,142.624683,128.5751872,127.277581,120.9890272,120.99168399999999,140.32133955,142.16401431000003,61.127529499999994,59.53409885000001,70.03819895000001
