Type,Min,Max,Mean,Median,1 Percentile,5 Percentile,95 Percentile,99 Percentile,Process,Process 5,Process 95
Original,181.44555200000016,187.80081000000004,184.49070500000002,184.36888549999998,181.46085920000013,181.522088,187.4096439,187.72257678000003,0.0,0.0,0.0
Verifier,123.87011299999999,133.047369,129.0532346,129.5887955,123.97756759999999,124.40738599999999,133.0290171,133.04369862000001,57.484598000000005,55.424034000000006,64.77159105000001
Orochi-JS,116.732204,145.525359,131.5730462,130.536314,117.53973053,120.76983665,142.6489365,144.95007450000003,60.4263455,51.92605695,67.74976519999998
