Type,Min,Max,Mean,Median,1 Percentile,5 Percentile,95 Percentile,99 Percentile,Process,Process 5,Process 95
Original,174.0273700000001,188.40227900000008,180.23276420000005,179.43411850000007,174.20257210000008,174.90338050000008,188.37779180000018,188.3973815600001,0.0,0.0,0.0
Verifier,772.2340790000001,838.549321,790.4712576000001,785.8193705000001,772.27612691,772.4443185500002,825.0570709,835.85087098,145.047345,137.24567345,159.13393775
Orochi-JS,767.069496,809.03289,783.99135,780.086743,767.30131368,768.2285844,806.6237133,808.55105466,141.38537250000002,138.1439545,148.43093550000003
