Type,Min,Max,Mean,Median,1 Percentile,5 Percentile,95 Percentile,99 Percentile,Process,Process 5,Process 95
Original,179.50051000000013,189.96191900000005,183.82984170000003,183.748957,179.59460671000014,179.97099355000006,189.0284691500002,189.77522903000008,0.0,0.0,0.0
Verifier,780.29007,846.599175,799.9942752,795.0871024999999,780.8608014,783.1437270000001,832.0401683999999,843.68737368,144.1681185,139.36980965,159.15181839999997
Orochi-JS,781.2005320000002,815.650227,796.5601891,797.7662114999999,781.3363146400002,781.8794452000002,810.2210166,814.5643849200001,143.0312195,133.62490680000002,151.43209865
