Type,Min,Max,Mean,Median,1 Percentile,5 Percentile,95 Percentile,99 Percentile,Process,Process 5,Process 95
Original,179.5808760000001,186.39348800000022,182.00402340000008,181.66241200000002,179.5872339600001,179.61266580000012,185.64317240000005,186.24342488000016,0.0,0.0,0.0
Verifier,3884.5193090000002,3972.0459640000004,3915.7147073,3914.203225,3885.3373420400003,3888.6094742000005,3955.8936577,3968.8155027400007,349.3636415,343.08631305000006,359.30109295
Orochi-JS,3887.610694,4021.4167069999994,3943.4962222999998,3939.7031879999995,3889.5443373400003,3897.2789107,4010.65905515,4019.265176629999,361.72383849999994,348.93695065,371.27757614999996
