Type,Min,Max,Mean,Median,1 Percentile,5 Percentile,95 Percentile,99 Percentile,Process,Process 5,Process 95
Original,672.425964,1045.1825350000001,878.5913902,915.0102205000001,676.30657617,691.8290248499999,1033.91769445,1042.9295668900002,0.0,0.0,0.0
Verifier,1113.3821,1191.618762,1153.0944458,1156.9165739999999,1113.3938559800001,1113.4408799000003,1185.51133815,1190.39727723,432.678691,410.12806560000007,444.1853394
Orochi-JS,1285.2534989999997,1378.8140639999997,1348.3453471,1364.9709325,1287.9695186399997,1298.8335972,1377.8349927,1378.6182497399998,423.4503705,396.12839485000006,443.04397195
