Type,Min,Max,Mean,Median,1 Percentile,5 Percentile,95 Percentile,99 Percentile,Process,Process 5,Process 95
Original,1563.7486930000005,1850.0042979999994,1727.4284843,1755.772177,1564.7764728400005,1568.8875922000002,1847.3158422999998,1849.4666068599995,0.0,0.0,0.0
Verifier,1524.465937,1635.3157039999996,1574.3213744,1562.2762435,1527.11659207,1537.71921235,1628.8427973499997,1634.0211226699996,614.9137225,593.0027424500001,633.0320932
Orochi-JS,1972.5197420000004,2151.418877,2037.0524712000001,2037.505783,1972.6588219700006,1973.2151418500007,2116.4470725499996,2144.42451611,621.3747589999999,596.4345847,626.3491981
