Type,Min,Max,Mean,Median,1 Percentile,5 Percentile,95 Percentile,99 Percentile,Process,Process 5,Process 95
Original,6068.485291,6955.708286,6595.0946848,6695.486096999999,6074.55895072,6098.8535896,6952.547378,6955.0761044,0.0,0.0,0.0
Verifier,4252.112191000001,4522.210693,4411.113522000001,4433.7915975000005,4253.914301950001,4261.122745750001,4519.8528568,4521.73912576,840.0698645,820.4760297,866.8202603500001
Orochi-JS,4311.364071,4524.054516000002,4402.5028627,4386.449989500001,4312.98835419,4319.485486950001,4518.911949300001,4523.026002660002,840.4915275000001,827.3866859500001,870.9535730499999
