Type,Min,Max,Mean,Median,1 Percentile,5 Percentile,95 Percentile,99 Percentile,Process,Process 5,Process 95
Original,3247.96728,3710.5948909999997,3450.0980859,3412.35178,3252.4718898,3270.490329,3674.6444756,3703.40480792,0.0,0.0,0.0
Verifier,2562.923339,2706.017893,2610.8398753,2590.442497,2562.9389549,2563.0014185,2694.07433005,2703.62918041,526.884624,498.03761565,547.7950815
Orochi-JS,2651.222290999999,2814.5189060000002,2713.8408051,2698.1877839999997,2653.096141759999,2660.5915447999996,2809.8349365500003,2813.5821121100003,534.916785,505.48217450000004,558.0698298499999
