Type,Min,Max,Mean,Median,1 Percentile,5 Percentile,95 Percentile,99 Percentile,Process,Process 5,Process 95
Original,3814.665991,6370.382671000002,5576.4564041,5629.484543500001,3947.82232795,4480.44767575,6320.8928995000015,6360.4847167000025,0.0,0.0,0.0
Verifier,9625.614436,10924.617663000005,9869.4069696,9731.0862395,9630.521609320002,9650.150302600003,10466.46571275,10832.987272950004,1765.1674090000001,1747.09506525,1792.0499761499996
Orochi-JS,13865.610033,16021.422859000002,14504.0960158,14050.071506000004,13876.32177801,13919.16875805,16010.284261900002,16019.195139580002,1781.0343599999999,1761.42244075,1848.9354268999996
