Type,Min,Max,Mean,Median,1 Percentile,5 Percentile,95 Percentile,99 Percentile,Process,Process 5,Process 95
Original,81724.505679,84133.0517709999,82859.4196054,82862.45586650008,81773.05154688,81967.23501840001,83838.96648849994,84074.23471449991,0.0,0.0,0.0
Verifier,4542.237697000001,5045.176407000001,4834.5296612,4910.306897500001,4546.171743250002,4561.907928250001,5030.6213757000005,5042.265400740001,1266.7447465,1247.8250192,1281.35027535
Orochi-JS,5388.507952999999,6025.203938,5606.0066640000005,5568.4283555,5394.86270162,5420.281696100001,5918.131477999999,6003.789446,1280.7230909999998,1261.1227637000002,1301.90460055
