Type,Min,Max,Mean,Median,1 Percentile,5 Percentile,95 Percentile,99 Percentile,Process,Process 5,Process 95
Original,2817.9801549999997,3725.9043440000005,3243.3812046000003,3253.7799370000002,2835.99433945,2908.05107725,3579.0543058999997,3696.5343363800002,0.0,0.0,0.0
Verifier,6651.077741999998,7667.398225000001,7148.5337612,7202.996161499999,6651.890006489999,6655.139064450001,7618.213942749999,7657.56136855,1206.020943,1187.9339984500002,1229.4286989500001
Orochi-JS,9220.898018000004,10823.688477000003,9846.3471462,9460.275163999999,9225.927441830003,9246.045137150002,10740.234289950002,10806.997639590001,1223.0915400000001,1204.3613019499999,1235.6824442000002
