Type,Min,Max,Mean,Median,1 Percentile,5 Percentile,95 Percentile,99 Percentile,Process,Process 5,Process 95
Original,681.7285820000001,955.542764,777.4608237,718.8689004999999,682.5212023700001,685.6916838500001,922.8844892,949.0111090400001,0.0,0.0,0.0
Verifier,912.714653,1004.954939,954.4547762999999,962.5828615,912.7319447900001,912.8011119500001,991.8105618499999,1002.3260635699999,341.419958,326.2428479,355.92923685000005
Orochi-JS,1111.995332,1221.020806,1160.5672957,1156.684263,1112.91682679,1116.6028059500002,1219.17630955,1220.6519067099998,332.6905825,296.8597443,353.4359968
