Type,Min,Max,Mean,Median,1 Percentile,5 Percentile,95 Percentile,99 Percentile,Process,Process 5,Process 95
Original,1970.813274,2737.078758,2230.4204361,2195.5872305000003,1982.7556425600003,2030.5251168,2547.05263965,2699.0735343300003,0.0,0.0,0.0
Verifier,3467.7013149999993,3740.149534999999,3572.7279714,3567.8021905000005,3468.3031494999996,3470.7104874999995,3687.79571375,3729.678770749999,651.7859905,611.0254740500001,712.0368178
Orochi-JS,4375.282343999999,4560.644799999999,4503.8864877999995,4520.5193899999995,4378.64610507,4392.10114935,4559.004054549999,4560.316650909999,659.7589485000001,650.0049657500001,679.67061665
