Type,Min,Max,Mean,Median,1 Percentile,5 Percentile,95 Percentile,99 Percentile,Process,Process 5,Process 95
Original,8727.83091,10403.289296,9644.6347865,9544.527967499998,8771.29780617,8945.165390850001,10334.805580700002,10389.592552940001,0.0,0.0,0.0
Verifier,4859.525758999999,5348.270523,5028.9524347999995,4945.5517845,4861.505415739999,4869.4240427,5331.98885835,5345.01419007,985.7545379999999,960.7343296500001,1019.2352119
Orochi-JS,5002.697354,5505.017451,5165.5397330000005,5158.381659999999,5004.96367181,5014.02894305,5380.4604911999995,5480.106059039999,994.7314685,981.45381535,1023.3188596
