Type,Min,Max,Mean,Median,1 Percentile,5 Percentile,95 Percentile,99 Percentile,Process,Process 5,Process 95
Original,43978.38390400007,46345.87495100002,45071.663810100006,45078.64996399998,44024.66300587006,44209.77941335003,45947.30604995,46266.161170790016,0.0,0.0,0.0
Verifier,4802.8515,5090.298900000001,4907.9481592,4890.1978385,4805.34909189,4815.3394594500005,5042.187893849999,5080.67669877,2105.2948975,2077.00083105,2133.9866148
Orochi-JS,5518.521704999999,5747.126578,5644.4020119,5663.834599,5521.9326519,5535.5764395,5747.121880000001,5747.125638400001,2248.4012650000004,2092.8843029000004,2265.68271985
