Type,Min,Max,Mean,Median,1 Percentile,5 Percentile,95 Percentile,99 Percentile,Process,Process 5,Process 95
Original,3459.144739,4221.905042000001,3842.9143124,3792.4430035,3459.7970025699997,3462.40605685,4202.207037200001,4217.965441040001,0.0,0.0,0.0
Verifier,8482.276697000001,9815.996383999998,8987.4289188,8709.621124999998,8483.10678707,8486.427147350001,9725.06902085,9797.810911369997,1529.596241,1498.6339504000002,1557.08715385
Orochi-JS,12004.454982000005,13886.744438999996,12759.3265073,12387.065769999997,12020.182624200004,12083.093193000004,13863.952502399996,13882.186051679997,1536.1009985,1520.2894773,1551.73133875
