Type,Min,Max,Mean,Median,1 Percentile,5 Percentile,95 Percentile,99 Percentile,Process,Process 5,Process 95
Original,6173.617284,6881.1243380000005,6578.268169200001,6632.766122000001,6188.26667364,6246.8642322,6829.97093045,6870.8936564900005,0.0,0.0,0.0
Verifier,2713.239524,2744.0438320000003,2727.1388634,2727.300973,2713.29543344,2713.5190712000003,2743.1974472500006,2743.8745550500007,1815.6510795,1804.4663807000002,1822.4062976
Orochi-JS,3718.470594,3874.0883409999997,3786.6110605,3780.218118,3719.83336329,3725.28444045,3860.56067275,3871.3828073499994,2741.931181,2703.74640265,2791.994218
