Type,Min,Max,Mean,Median,1 Percentile,5 Percentile,95 Percentile,99 Percentile,Process,Process 5,Process 95
Original,6022.955901,6869.2042599999995,6451.4290187,6480.8186215000005,6028.17106152,6049.031703600001,6831.69695485,6861.70279897,0.0,0.0,0.0
Verifier,3442.082993,3555.6500289999994,3513.6205987999997,3525.0412655,3445.56348713,3459.4854636500004,3550.3059856,3554.5812203199994,2573.204882,2541.7350879000005,2602.1637626999996
Orochi-JS,5224.701926,5379.339682,5301.5997406,5306.7919205,5226.156925130001,5231.97692165,5367.9192166,5377.0555889199995,4247.082328,4201.699514600001,4314.4122849
