Type,Min,Max,Mean,Median,1 Percentile,5 Percentile,95 Percentile,99 Percentile,Process,Process 5,Process 95
Original,33952.51619799996,35501.34409799997,34664.71260369999,34565.44011349999,33995.55374088997,34167.703912449986,35285.55435869998,35458.186150139976,0.0,0.0,0.0
Verifier,2016.003267,2164.732155,2084.2574111,2078.8224255,2017.98697347,2025.9217993500001,2147.1597351,2161.21767102,1162.162945,1126.8847299000001,1194.19149015
Orochi-JS,2503.347679,2648.384853,2566.9066349,2566.3888225,2504.27849932,2508.0017806,2633.90318295,2645.48851899,1568.863045,1537.64148575,1598.6201844499997
