Type,Min,Max,Mean,Median,1 Percentile,5 Percentile,95 Percentile,99 Percentile,Process,Process 5,Process 95
Original,6252.242537,6783.417475,6506.6275029,6522.8512814999995,6259.9344735800005,6290.7022199,6751.467335050001,6777.02744701,0.0,0.0,0.0
Verifier,2954.245435,3089.811194,3002.0836491,2993.91388,2954.55651919,2955.8008559500004,3066.98422715,3085.2458006300003,2065.457555,2030.84356695,2089.38500785
Orochi-JS,4211.3584439999995,4397.268378,4295.8982441,4280.64646,4213.92242268,4224.178337400001,4379.4670026,4393.70810292,3241.112478,3191.6595196000007,3315.3163552000005
